StudyHours,ClassType,AssignmentsCompleted,BehaviorScore,Marks
39,Online,1,68,7.691815510505114
29,Online,10,54,9.566148431396353
15,Online,7,81,6.939863771989431
43,Offline,5,71,9.147829157141842
8,Online,5,55,5.668478271997181
21,Offline,1,84,9.676972448338994
39,Online,10,71,8.757116587656514
19,Online,6,50,9.706671963934507
23,Online,9,69,8.383086167762531
11,Offline,9,71,6.817019659997134
11,Online,8,97,9.690905862623612
24,Offline,5,60,6.377833881545892
36,Offline,1,62,6.660862610308662
40,Offline,9,91,8.504042090008701
24,Offline,1,52,8.82658149762693
3,Offline,8,58,9.647017419245769
22,Offline,5,61,6.024012045281047
2,Offline,3,72,8.98999017609612
24,Offline,7,63,8.692730266984817
44,Offline,7,82,5.3189727812679894
30,Online,9,67,6.936115706051035
38,Online,7,98,6.413827285300493
2,Online,3,90,6.5224521217701525
21,Online,1,58,9.914734397773504
33,Online,8,72,8.21388706739964
12,Offline,3,59,8.588380788967498
22,Offline,8,68,9.883088186575046
44,Offline,8,96,6.886008912288194
25,Offline,5,54,9.009200842264029
49,Offline,1,96,7.172654816522477
27,Offline,10,72,9.347668359074898
42,Offline,7,79,5.903287706556516
28,Online,10,74,9.738430885321398
16,Online,5,77,6.093858542054399
15,Online,8,83,6.631102534904658
47,Online,9,94,8.780961170533903
44,Offline,7,97,6.968775707827033
3,Offline,7,96,8.041056883832233
37,Offline,1,74,7.222867505347143
7,Online,4,59,8.71184968544891
21,Offline,2,63,6.141656261843054
9,Offline,2,91,5.292289936184385
39,Offline,2,95,6.499646987365331
18,Online,4,79,7.371543324342151
4,Offline,1,90,5.840100260963393
25,Online,4,74,6.773986448281944
14,Online,2,63,6.999915091467843
50,Online,5,84,5.286959218441368
9,Online,3,97,7.9165362409210225
26,Offline,8,83,9.421717139856437
2,Online,4,59,5.7587145647652624
20,Online,1,84,7.98904006700757
28,Offline,1,60,8.32369602455423
47,Offline,10,60,7.0966734020964415
7,Online,3,70,8.50548793682135
44,Offline,9,70,7.05365771745506
8,Online,7,71,7.523186439887175
47,Online,2,94,5.036765222772135
35,Online,9,56,8.458600570673443
14,Online,10,66,8.306713394723623
17,Offline,2,51,5.192004386631723
36,Online,3,61,6.841250536975665
50,Offline,10,91,9.895159203958336
40,Offline,2,67,7.1036828128430844
4,Offline,3,60,7.509727025659209
2,Offline,6,65,9.549650790798593
6,Online,9,98,8.586309379328782
42,Offline,9,100,7.910350655621118
4,Online,7,67,8.989023406705362
29,Offline,3,84,9.321831332279867
18,Offline,4,75,7.284440358686334
26,Online,6,65,7.375541824659177
44,Online,5,55,6.930254678259179
34,Online,2,93,9.833530700092304
10,Offline,6,92,8.485831271451751
36,Offline,3,96,5.416115331040362
14,Online,8,96,9.314798116565093
31,Online,2,97,7.402799704181341
48,Online,1,91,5.343769532112438
15,Online,9,61,7.748586275816555
8,Offline,3,62,7.0858213948785105
14,Online,1,53,9.388747024313124
23,Online,7,88,6.019973018046937
40,Online,10,51,9.132323047460915
21,Online,5,75,7.788443455927263
16,Offline,5,76,5.273051516067345
45,Online,1,76,9.859226506627422
18,Offline,9,64,7.563076220516
47,Online,7,57,6.454384271157912
24,Online,8,56,7.34703420994629
26,Offline,9,96,9.289288917587445
25,Online,6,95,6.5245156219253175
45,Offline,5,89,5.963381982433502
41,Offline,6,61,5.6453562346544075
29,Online,2,62,6.489296991951056
15,Offline,4,92,8.900240435200217
45,Offline,3,66,7.358131825976308
1,Offline,7,66,6.1374080184677
25,Offline,9,85,5.830924998048746
7,Offline,5,70,6.663647382551895
9,Offline,6,57,9.699621864428543
24,Offline,10,54,6.715133562950122
1,Offline,2,75,9.940620379773176
44,Online,3,65,7.42615227882678
8,Online,3,85,5.8958195914507545
24,Offline,9,77,9.455700458967547
11,Online,7,78,7.301776865674134
17,Offline,8,96,8.548356717522623
8,Offline,10,61,9.91855791604576
35,Online,9,86,5.25087675159987
35,Offline,6,79,5.483472798937836
33,Offline,4,72,8.60228370731378
5,Offline,1,65,6.409125016477359
42,Offline,8,63,5.921506984750495
39,Online,7,59,5.1968093990986475
41,Offline,2,56,5.109233559931009
28,Offline,8,94,8.872428015598954
7,Offline,5,86,5.67216713684775
9,Online,7,78,7.338603079855755
8,Offline,4,52,8.029484075897415
12,Online,5,64,7.141759002844231
34,Online,8,85,5.135533261681165
33,Offline,1,96,8.917507512939544
48,Offline,1,95,5.052566122708267
23,Online,4,68,8.80944947188742
24,Offline,3,62,9.466522468940614
37,Online,10,91,7.164199605285861
35,Online,2,70,7.677712365488992
44,Offline,3,86,7.384916963088269
40,Offline,1,76,6.9460430931171935
22,Online,1,78,9.437122676851802
27,Online,6,69,9.469667553349954
35,Online,5,74,6.679081823207673
1,Online,8,55,8.07534877007349
35,Offline,2,85,9.63453781072932
37,Offline,4,51,9.810292494706758
47,Offline,8,71,7.544795202110238
14,Offline,6,81,7.264124026421634
3,Offline,1,65,6.393471579642629
1,Online,4,67,9.794359365952051
5,Offline,1,54,5.714071522364337
26,Offline,2,85,7.899147880238625
14,Offline,5,79,6.412751337593194
39,Offline,8,94,6.395041451738983
27,Offline,8,68,7.024842936880942
9,Online,3,72,9.993964679078273
15,Online,4,83,5.2748315341991105
15,Online,10,62,7.892709091017657
26,Offline,6,92,5.412860790176386
42,Online,10,78,5.772604149952595
13,Online,3,85,7.1978147088644935
32,Offline,2,71,7.552300656732207
39,Offline,6,96,6.2939620418226205
49,Offline,5,85,6.582285654372081
32,Online,10,58,5.434835101279665
4,Online,5,88,6.516098919221252
30,Offline,10,100,9.83279219690272
37,Offline,5,68,9.723536908362409
23,Online,10,87,6.674391450684925
39,Online,5,55,7.8542696813938075
45,Offline,3,96,9.547976955554722
15,Offline,7,64,5.030919113204483
43,Online,6,69,9.053417851687959
29,Offline,4,58,9.741847763944595
36,Online,2,81,5.456628671667786
13,Online,9,53,5.807238430164605
32,Online,1,99,9.803731513856777
7,Online,4,67,7.687700718201731
22,Offline,1,54,5.070983172358618
28,Offline,6,69,6.288159993817645
2,Online,4,72,7.249718371344298
42,Online,5,60,8.464544555123839
45,Online,5,86,8.665801890683998
6,Online,9,71,9.97710756462728
28,Online,1,53,6.437555996918795
28,Offline,2,78,7.691100509342377
44,Offline,6,93,7.666617739298025
44,Offline,5,83,7.028226297236188
20,Offline,7,62,5.845809469212101
30,Online,3,91,9.887282815919214
11,Online,3,58,9.26658593333293
28,Online,10,91,7.491665141471186
25,Online,2,80,8.016227113420149
39,Online,3,56,6.136305267798312
33,Offline,10,53,7.718935351958734
1,Online,1,68,8.474850665607379
27,Offline,5,91,7.575835141932944
13,Offline,5,79,9.951425852924707
41,Offline,7,80,8.056708281238631
3,Offline,4,84,6.854868562960846
39,Online,3,70,8.86076013807919
6,Offline,1,80,5.85231255790821
8,Offline,8,68,6.922579068531332
27,Offline,3,80,6.734794751887929
9,Online,2,81,7.159035475538886
37,Online,4,51,8.908899129643633
33,Online,3,59,7.420865160817037
42,Offline,1,51,8.970072251329814
44,Offline,3,51,7.88244451569933
24,Online,2,73,6.710347173287777
15,Offline,8,66,9.049893718417362
32,Online,6,81,6.191448352765458
32,Online,9,65,6.121914898998977
24,Offline,8,65,7.522514620274179
41,Offline,10,95,6.3042462298104445
49,Offline,3,88,5.045435174756082
49,Offline,5,80,8.241487636494007
12,Online,7,92,7.55546910736199
39,Online,5,73,7.227589072465806
2,Online,8,50,9.834842573091578
3,Online,5,60,7.855995919814569
49,Online,1,70,9.317157888946923
37,Offline,5,53,5.697251181025801
49,Online,4,56,7.846032315647138
17,Online,6,75,9.339898133654515
49,Online,3,96,7.91552878639949
2,Offline,5,99,8.590070890635008
2,Offline,2,61,6.860217839061037
28,Offline,6,80,5.462247585185333
23,Offline,6,66,7.289501475635357
37,Online,5,82,6.972396954194288
32,Online,6,60,9.335300911894738
33,Offline,7,77,6.219976511762361
1,Offline,5,81,9.833671137675541
19,Online,1,50,9.790690599022481
2,Online,8,96,6.238158215357194
44,Offline,4,77,6.740259777386602
26,Offline,9,91,9.477778704369424
32,Offline,10,56,9.833111104480537
6,Offline,6,51,7.21719551418022
32,Online,1,91,6.604985228204489
4,Online,3,73,7.63047006625771
11,Online,3,53,8.438846031828675
17,Offline,10,93,6.367372576874899
38,Offline,4,68,8.682365873095364
24,Online,6,75,5.258286785573205
5,Online,7,60,5.246472463822082
34,Online,10,89,6.931438525727726
6,Online,4,99,6.767365960303603
22,Offline,6,92,6.578166076835761
11,Online,1,60,7.45509881334455
48,Online,8,94,6.6036679115578565
16,Online,7,52,5.96128959234046
33,Online,9,61,6.5473477454430045
9,Online,3,52,9.874521364051175
6,Online,2,91,7.055567084974243
16,Online,1,76,7.2235638842916785
29,Offline,3,98,7.8827249497556995
3,Offline,5,51,9.916703842071133
20,Offline,2,98,6.208006382178815
36,Offline,3,65,8.40641055266217
19,Online,4,51,8.579923467708621
26,Offline,7,79,8.03662208396533
3,Offline,3,69,5.44289169818322
19,Online,9,87,8.384361379137882
20,Online,8,77,5.320473555180877
32,Offline,4,74,7.980713247749485
7,Offline,1,81,8.697905886108714
41,Online,1,59,6.054849453099752
33,Offline,1,91,9.20811003771387
40,Online,1,89,5.151769027665021
39,Online,8,82,9.21906431829153
18,Online,3,62,7.301645253213826
40,Online,6,90,6.0879396996582225
1,Offline,3,91,5.66889072496984
11,Online,5,96,9.766535837911864
28,Online,7,86,5.363327937905783
25,Offline,2,65,5.995467099679629
50,Online,6,94,6.73911173716523
23,Offline,6,71,8.101174244805602
31,Offline,3,69,7.724005426380492
30,Offline,6,99,5.62821746206157
42,Online,10,92,6.4486399186910734
35,Offline,10,76,6.19375885543012
7,Offline,5,90,6.067714272451707
16,Online,2,65,7.055721682399936
26,Offline,9,83,8.520157262958286
48,Offline,8,81,6.08726466108618
49,Offline,3,75,6.833394398514907
2,Offline,8,74,6.954587134205811
1,Offline,9,51,9.88228264717705
48,Online,3,61,9.773331784395344
12,Offline,3,89,9.00068791376038
5,Offline,2,58,6.208294604095926
37,Online,8,61,5.340186570458348
32,Online,10,75,6.584520688603124
9,Online,1,58,6.333972747169154
41,Offline,8,59,7.529629000731969
35,Online,7,81,8.888639550338965
19,Offline,7,83,9.29161469439429
48,Offline,3,97,9.224320427052543
16,Online,1,69,6.798377806115338
3,Online,4,88,8.436171717303415
20,Offline,9,51,6.5641709876211
24,Online,5,50,5.3045277161759135
33,Offline,1,100,8.507826328014712
24,Online,5,85,5.04913776284894
11,Online,8,73,7.045912937292442
49,Online,8,76,6.6468963465103785
8,Offline,5,51,8.466887692594263
36,Online,9,80,8.831227363801894
38,Offline,1,63,6.520473179856419
40,Offline,4,51,9.058135072224268
20,Offline,3,78,6.469583802524669
35,Offline,2,64,7.231631799932806
48,Online,8,61,8.63509263507067
25,Offline,7,86,8.464601146123943
35,Offline,9,77,9.936842361561
25,Online,2,69,6.12580512107966
29,Offline,4,88,8.311589567697911
18,Online,6,73,8.048409541378888
46,Offline,3,70,9.575492272450148
18,Online,8,59,5.781810708224375
2,Offline,3,95,8.758990817934665
35,Online,2,63,7.841343081343842
16,Offline,3,86,6.373329348939527
41,Offline,6,67,7.37217457073587
36,Online,2,73,6.668882985348989
33,Online,8,63,7.896567013942304
4,Online,1,83,9.445003054073329
33,Online,7,61,7.84652492206101
14,Offline,2,71,8.15861209163292
21,Offline,10,55,7.593739235573548
48,Online,6,85,5.2558275322273795
20,Offline,2,94,6.164292784380471
8,Online,2,85,7.460008647160414
7,Online,10,71,6.551176418723523
3,Offline,8,63,5.908817988805971
17,Offline,2,65,7.520664209592192
33,Offline,7,85,6.614048967239252
48,Offline,3,74,6.290538215867073
12,Offline,8,81,7.319927087201904
22,Offline,7,82,5.666421290410866
22,Offline,8,94,9.638728665377037
46,Online,7,85,9.338510489596196
30,Online,6,69,8.538102928702678
38,Online,7,67,5.531069137942281
38,Online,5,87,8.879386272348466
45,Online,7,52,9.039786640545096
8,Offline,1,72,8.838823088571688
27,Online,1,81,5.569829435596206
27,Online,9,94,8.219539785338824
34,Online,5,65,9.171623978746993
21,Online,5,54,7.886767006098339
30,Online,3,53,8.232036876140445
33,Online,5,70,7.291817397131531
28,Online,3,89,7.643536599420263
47,Offline,9,100,5.1718842917586265
33,Offline,9,63,8.194815109866422
5,Online,6,88,5.407236064455796
48,Offline,1,80,7.175072971701117
19,Offline,7,63,6.46327548833704
4,Offline,7,55,7.727139751058566
35,Offline,10,61,5.667081677616036
49,Online,10,65,8.45821700986659
17,Offline,4,66,8.975057684642351
44,Offline,8,94,5.8167722487157825
28,Offline,6,72,5.521565436759411
30,Online,4,63,5.727577413936796
29,Online,4,56,9.385637809492508
46,Online,2,95,7.640946308781781
6,Online,2,81,7.336304980037513
35,Online,4,64,5.533559095511771
41,Online,5,93,8.247780033784808
37,Online,8,66,9.33999795947545
24,Offline,6,90,9.140929346617265
29,Offline,4,96,8.130273544904007
49,Offline,7,93,5.376393583258368
46,Online,8,83,5.5619851358800645
31,Online,2,54,5.246544935549124
35,Online,7,94,6.2873960824623465
33,Online,2,76,5.678307335801889
21,Online,2,72,6.300240201262169
32,Offline,8,89,6.925290278594808
23,Offline,2,63,9.714913920355677
33,Online,9,64,8.051880298908461
3,Online,1,92,9.174868928414812
18,Online,9,82,8.55175750356166
25,Online,1,80,5.5625156526331585
42,Offline,10,84,8.679602031869745
31,Online,10,66,6.375494407795622
3,Online,2,77,8.195539234973532
40,Online,6,68,6.704809868214943
46,Online,6,95,9.988361316323296
24,Offline,1,72,6.31775739748389
50,Online,7,81,6.395652353871348
32,Online,8,89,9.653361277811992
47,Offline,2,62,5.123222023181613
22,Offline,8,69,8.483444939365985
23,Offline,9,84,8.626631953679391
2,Online,6,54,9.181892887051998
27,Online,5,58,9.872196553192378
42,Offline,9,78,9.878009595783261
2,Offline,9,55,5.326383787832319
26,Offline,1,74,9.109196613764514
17,Offline,3,80,8.231549668286906
40,Offline,9,71,8.236710671865456
33,Offline,2,51,5.6417496330734735
9,Online,4,94,8.250935832228267
43,Online,4,54,9.912412903006238
48,Online,2,76,9.559092847697235
39,Offline,3,74,7.195653304024253
29,Offline,3,57,5.1997398664304715
42,Offline,1,50,6.811467450001024
26,Offline,6,69,9.131951558002775
35,Offline,8,93,8.50749550732583
50,Offline,3,72,7.296718277969783
25,Online,5,81,5.275507675794156
24,Online,1,60,7.134473639116513
13,Offline,10,88,7.345124698589418
7,Online,7,96,9.64277766447068
36,Offline,10,73,8.205430517910797
45,Online,1,60,6.558264583273244
20,Offline,9,78,7.626591322253606
1,Offline,8,75,5.3302765391108
8,Online,7,65,9.862841178248683
46,Online,10,84,6.80029950965363
16,Offline,7,69,7.389336774565679
14,Offline,5,95,6.776419871184613
12,Online,5,52,8.412558650581001
23,Online,5,50,8.311160791647964
15,Offline,1,96,8.576611552645678
28,Online,8,50,6.340716148059604
34,Offline,1,66,6.5783424058203295
2,Offline,4,51,5.626256155481039
32,Offline,9,78,8.277549859230563
23,Offline,9,69,5.1989856366782625
22,Online,5,55,7.988411677617295
25,Online,4,57,9.34847942425817
22,Online,3,78,9.454160741448167
22,Online,3,97,7.2451888018498085
49,Online,5,100,7.296518441065369
42,Online,10,82,5.384845915040087
6,Online,1,52,8.353825127215178
15,Offline,5,84,9.106297101864229
43,Online,6,54,6.223275273023566
37,Online,7,76,7.106504408166823
33,Offline,9,93,9.194196683826352
8,Online,3,61,9.38560233831144
44,Online,2,69,6.21589990132113
44,Offline,3,94,7.752853172706821
5,Online,9,69,5.962465753179135
39,Online,7,58,5.509393820697783
4,Online,9,88,9.555602506959787
6,Offline,2,53,9.102537521160546
45,Online,5,100,8.80017450901587
32,Online,4,68,5.243831594065702
30,Offline,2,87,9.218643963551287
47,Online,9,76,7.190220379526918
35,Offline,9,94,6.7119756164792985
40,Offline,6,92,7.732381805126883
16,Online,6,62,5.4567662136177795
13,Offline,8,62,8.783232746761994
50,Offline,6,71,7.912175384441479
42,Online,1,77,5.932950484365838
30,Offline,4,96,5.941160998845228
19,Offline,7,94,5.921243257863371
17,Online,2,71,5.28501193775967
19,Online,9,92,7.938992246858424
28,Online,8,68,9.201740887942542
26,Offline,8,57,5.087491069936943
37,Online,7,57,5.245023224856368
26,Offline,4,91,7.863851383434729
23,Offline,2,75,9.097478426930262
9,Offline,3,97,6.633694452843168
12,Offline,6,100,6.748071994038611
1,Offline,5,75,7.98173248748388
1,Offline,8,72,6.3710644456207355
47,Offline,6,92,5.133041830388421
34,Online,6,62,8.67614259050798
32,Online,1,77,8.128249564707266
48,Offline,4,58,7.9037799952782954
25,Offline,5,69,8.708420644959116
40,Online,3,68,8.376154187810187
45,Offline,9,97,6.029409940891606
1,Online,1,88,6.762405234716756
16,Online,6,100,5.630550708393125
39,Online,6,61,5.649285067089405
5,Offline,10,64,8.380978731782696
22,Offline,5,80,9.29300053491249
29,Online,5,63,9.813662919305695
3,Online,10,60,8.141735587747222
12,Online,5,75,5.920506616804785
26,Online,6,91,5.528251727244654
16,Online,8,76,9.064254857683789
37,Offline,2,60,7.893782381799996
22,Online,6,87,8.091425105068598
29,Offline,1,83,8.907310443773547
14,Online,4,92,8.516386138662257
28,Offline,10,68,9.172291264280483
5,Offline,3,55,5.281069527299392
47,Offline,9,95,8.737603183732524
49,Offline,3,87,9.254263786610476
30,Offline,6,98,6.430675212291572
46,Offline,1,91,8.202236369966265
5,Online,6,77,6.570810319184861
12,Offline,4,50,9.78985533241227
16,Online,8,84,5.167117862177519
26,Offline,9,89,7.898964219164775
26,Offline,4,57,5.832517735247576
48,Online,10,96,8.561101025885794
21,Offline,10,56,5.8794514170933105
39,Online,6,60,6.176916309491788
36,Online,1,88,7.471854055228791
33,Online,4,53,9.57417474998439
30,Online,7,74,6.058571860739854
37,Offline,1,61,5.721200105590517
23,Offline,8,75,8.794884159270154
10,Online,10,87,7.5030976616696545
5,Offline,6,95,9.558925561908858
36,Offline,5,61,5.733072785799211
34,Online,10,92,8.229639465115197
31,Offline,9,100,6.164395730759075
10,Online,2,86,5.783802143258196
19,Online,5,95,8.417147075786353
32,Offline,6,73,7.968423099543666
1,Offline,7,65,8.774137291811655
5,Offline,5,62,6.547312882230912
45,Online,9,74,7.23985828191095
4,Online,1,53,7.027358381652093
16,Offline,7,60,9.920447319832572
24,Offline,10,81,6.461244783696939
16,Offline,7,98,6.474086191733834
2,Offline,4,56,6.772741044143037
49,Online,9,95,7.822970406451608
28,Offline,5,60,6.261613721318726
32,Online,4,77,9.576449701896369
27,Online,7,90,6.3284278243313175
20,Offline,4,72,9.479078657800972
24,Offline,3,94,5.517375318232923
12,Offline,9,72,8.282813511998262
50,Online,8,99,9.534927592191218
35,Offline,1,77,5.843747191991148
33,Offline,7,92,9.841634800496275
33,Online,9,96,7.264416802077559
43,Offline,8,75,9.728575542205123
37,Online,8,74,8.384100218150234
12,Offline,6,78,6.5079343493677575
3,Online,4,68,5.941512624585532
1,Offline,8,82,6.518675231125497
33,Offline,3,85,5.465087046313375
40,Online,9,63,5.719339831716649
10,Online,2,63,5.523302201732406
43,Offline,2,84,7.114717718707789
44,Online,7,79,8.977891881287931
29,Online,10,77,5.7069177710817005
13,Online,4,66,5.6516021658616795
12,Online,10,52,8.217144747586653
31,Offline,8,65,5.985914909840331
46,Offline,9,95,5.488050190544958
2,Online,7,79,5.8342428910278885
50,Online,5,78,9.61865697938388
35,Online,8,94,9.107356263880954
23,Online,4,64,6.77032281177547
17,Offline,2,95,8.279103836636963
26,Offline,6,74,7.68637836834019
8,Online,9,100,8.38562131741282
29,Online,1,87,8.413355762313797
26,Online,10,91,8.143670075299966
10,Offline,7,96,6.3305068426865425
26,Online,10,87,5.195032103814091
34,Offline,9,72,7.2778339099505445
41,Online,10,74,9.45486942345352
7,Offline,9,91,7.84748629259288
4,Online,10,56,9.16195520850954
50,Offline,3,71,9.95812171480614
45,Online,5,66,5.818081020691381
11,Online,8,67,8.45888819570991
29,Online,8,98,8.371467868500122
36,Offline,4,90,9.899777236791392
25,Online,1,59,9.928003669764003
21,Offline,1,59,8.433393058620648
36,Offline,4,56,6.218073959910972
10,Online,6,97,8.992779190652996
37,Online,8,99,5.53514567105519
9,Online,6,87,8.903496520858143
24,Offline,9,76,9.550980620723482
35,Online,9,82,6.9141669738421765
49,Offline,2,50,8.153176474915401
35,Offline,10,93,7.150713660484131
48,Online,1,83,7.188825274940642
36,Online,2,53,6.5518544455406005
18,Online,5,66,8.810648102251623
49,Online,4,53,9.680882820832526
39,Online,4,92,9.703754296172306
32,Online,9,75,5.8739064243746695
24,Offline,8,53,9.373718248282831
23,Offline,6,50,8.687157207135611
32,Offline,1,56,6.264187003451447
37,Online,2,79,5.3364230646075725
12,Offline,6,99,6.33998633442189
49,Offline,2,58,9.561041183907628
13,Offline,10,84,8.16589337447886
23,Offline,5,57,8.605273304489359
25,Offline,5,73,6.2857617555454794
35,Online,6,68,8.596940777874101
41,Online,6,85,5.140607531389619
30,Offline,6,99,6.8766067288650685
17,Offline,2,92,8.133766742711657
49,Offline,10,76,5.730482827706601
20,Online,3,81,9.115017872234674
48,Online,6,63,6.175156494059593
25,Offline,8,67,8.261405564092232
22,Online,1,77,7.025985712876649
13,Online,1,78,7.980217977388236
19,Offline,2,65,5.537252763144541
49,Online,6,84,5.0845639996080365
36,Online,9,96,9.547822136901505
12,Offline,4,80,6.348150043835914
41,Online,3,53,9.098385013902295
19,Online,8,86,9.996751502361
12,Offline,10,66,6.0571562899945555
9,Online,9,88,6.325853705916778
7,Online,5,97,8.314298938173328
28,Offline,9,95,9.827243173003106
14,Offline,2,75,9.579071740953719
31,Offline,3,97,7.514377600327924
19,Online,7,88,8.975551412633624
47,Offline,7,90,5.678729265499506
16,Online,6,53,9.88719092102006
5,Offline,6,79,9.821766170179933
35,Online,2,79,5.818644789395854
12,Offline,10,71,6.497115624015533
25,Offline,6,60,5.500774987533835
21,Offline,4,51,6.3585879944908985
36,Offline,3,93,9.079778947076033
23,Online,2,61,6.8915780358262975
16,Offline,1,79,5.441984835733792
39,Offline,5,85,6.711127623894523
45,Online,2,67,9.9069166712064
42,Offline,2,75,8.148417976296015
39,Online,7,56,7.0808047320307885
14,Offline,8,50,5.83269256748635
31,Offline,10,75,9.930883986418474
5,Offline,8,72,9.104245046315643
35,Online,4,75,6.407386512254597
23,Offline,1,94,5.350343478605947
29,Offline,7,55,5.28312778688779
43,Offline,1,55,5.601890747527669
11,Online,4,93,7.903842918072108
18,Online,8,57,9.643817106027463
47,Offline,2,73,7.483717140029922
12,Online,6,71,9.214727412280986
9,Offline,6,68,7.2294330992990385
10,Offline,9,86,8.542917728839125
44,Offline,5,67,8.659363686432505
17,Offline,10,80,5.869818529516693
38,Offline,4,86,6.806080294879059
7,Offline,5,79,8.18651078269012
46,Offline,10,91,5.353483040921831
13,Online,5,82,6.807700938814783
40,Online,8,59,7.673997331405962
42,Online,10,86,9.981122465223194
9,Online,8,61,7.372667813112203
50,Online,2,79,9.080283785571618
27,Online,7,76,7.160336425333089
2,Online,8,88,8.981953613098543
5,Offline,6,58,7.9770740081005425
29,Offline,5,70,9.432977207511993
37,Offline,9,61,7.054712761750549
38,Offline,3,78,8.021522099107393
19,Online,10,82,8.150093403094136
8,Online,4,92,7.086914709002366
48,Offline,9,64,5.721560218437408
45,Offline,6,51,5.467797034561678
1,Online,8,88,5.0833577529981655
22,Offline,7,93,9.367671321226073
17,Offline,2,67,6.182374561193473
7,Offline,3,52,6.05753374640884
25,Offline,1,56,8.680177002130328
45,Online,9,92,6.600080565436959
4,Offline,7,67,7.530223462059183
36,Offline,1,93,5.812555326487281
6,Online,3,87,9.798728607309847
31,Online,4,86,9.257907000086186
19,Offline,4,82,9.318948114825016
44,Online,5,93,7.033868742860026
39,Offline,3,80,8.811806068535864
27,Offline,3,60,5.719380776948901
10,Online,1,53,5.043095012958902
26,Offline,7,67,5.09986466289014
19,Offline,10,53,7.933008687022802
39,Offline,1,98,7.276974526239703
3,Offline,2,83,7.590076744542599
45,Online,4,78,5.037315702086097
13,Online,4,73,7.113433098287128
50,Offline,5,71,8.590340806004304
28,Online,2,51,7.213468509837179
20,Offline,4,93,8.661096031561112
28,Offline,1,55,6.165094821984174
8,Offline,2,91,9.065710022408627
41,Offline,1,74,7.942156202267261
39,Offline,10,70,6.053815497149531
1,Online,10,65,6.183602379269164
3,Offline,4,80,8.140152322847685
13,Online,4,63,9.149697966062217
28,Online,7,88,7.078138910145776
49,Offline,10,77,6.291502145637962
25,Offline,9,81,9.335058034553002
33,Offline,9,77,8.346341458754175
38,Offline,5,100,7.2404274364153824
6,Offline,10,98,7.439500976396509
44,Online,1,58,6.0212823396819815
45,Offline,1,94,8.13401315032422
32,Offline,6,71,6.793712552714443
45,Online,2,81,9.978225883371746
47,Online,8,54,7.400917576309439
21,Offline,9,72,7.429428030948066
16,Online,4,54,7.82925893705336
21,Offline,5,91,9.583780015593733
11,Online,8,81,9.004090499298751
37,Online,3,59,7.255650348989207
36,Offline,5,88,8.59349632986398
35,Online,3,64,7.931177493903808
19,Online,10,56,7.461835243506245
20,Online,3,78,5.961578863921753
18,Online,3,96,7.319681317274455
47,Online,7,52,6.229092935112873
41,Online,7,68,9.574210749258274
49,Offline,7,59,6.677034067481735
14,Offline,10,77,9.761320072666862
15,Online,8,78,7.665276450473556
31,Offline,5,64,8.157721893380803
1,Offline,5,84,7.714702222446639
3,Offline,4,55,5.646903084833505
16,Online,7,61,6.879106095039704
23,Offline,10,96,5.49573056138812
11,Online,4,87,8.11477022091691
12,Offline,2,62,7.234370976002195
10,Online,4,78,8.889924857854684
32,Online,8,68,6.102352404996849
16,Offline,9,52,5.822830292146675
8,Offline,3,57,7.031661154818839
38,Online,7,57,9.632926916091906
12,Offline,9,69,8.55210907506206
24,Offline,4,96,7.094618123964594
28,Offline,10,53,7.586360848771553
8,Online,3,100,5.421065055885491
28,Online,5,70,9.922879481880566
36,Offline,1,52,8.332036523474596
26,Offline,3,94,6.427020342317112
8,Offline,8,57,7.929041971076222
50,Online,8,72,5.54741183034497
28,Online,4,65,9.829183344037919
28,Offline,2,62,5.873924939416829
37,Offline,8,52,8.24015159027607
41,Offline,8,97,6.227272312694652
36,Offline,10,58,8.587806913242678
27,Offline,4,63,8.884106836201404
17,Offline,3,62,8.367098644557164
9,Online,2,56,8.072497301275963
33,Offline,9,64,9.46234546976006
20,Online,1,56,5.39313355494879
13,Offline,7,87,6.6545738289009755
28,Offline,5,83,6.24143739815423
48,Online,8,90,9.940069810327108
29,Online,4,71,6.946948898334368
13,Online,7,73,8.663063496201993
46,Online,5,98,8.423625819405023
35,Offline,5,86,6.060406187386889
6,Online,9,93,6.194988401057756
18,Offline,9,50,6.40642281776517
5,Online,9,59,7.055636391296896
47,Offline,6,92,6.1716253282526345
25,Offline,6,65,5.098257413734239
2,Offline,5,95,9.396965284035979
10,Offline,9,57,9.82804915690442
30,Offline,10,98,6.70785193515784
50,Offline,8,74,6.692534397127364
45,Online,7,99,5.035459063871855
5,Offline,7,61,8.401253441651871
33,Online,6,74,9.127199478743144
1,Online,5,66,5.733041501800016
18,Offline,4,75,5.798331746835753
32,Online,3,95,8.950416249857188
47,Offline,3,97,8.081453741770723
49,Online,6,63,5.224302788138585
11,Offline,4,90,8.112734952311408
21,Online,6,85,6.5445886142188305
26,Offline,3,72,6.84362577735423
25,Offline,4,92,8.848657091484402
22,Offline,9,55,9.054675963363053
27,Offline,5,96,7.001783134199153
49,Online,7,54,9.735764680031775
13,Offline,10,92,7.032313589760362
33,Online,2,74,8.859180176150549
34,Online,5,67,7.419386322821295
41,Online,9,62,9.48766163261042
35,Offline,3,92,9.538806218250894
1,Online,9,63,5.437084039355419
21,Online,6,77,9.682466656551128
48,Online,4,67,9.127674207602078
6,Offline,7,77,8.956553571563335
28,Offline,8,100,6.004556698427612
17,Online,6,76,9.025596043773325
5,Offline,5,81,9.250663673425183
31,Offline,6,96,6.445751672270754
5,Online,5,58,9.76130039181162
38,Online,8,89,5.249300731995821
3,Offline,1,81,5.749546266235698
23,Online,7,69,7.687905690257572
37,Offline,10,77,7.878962355611549
37,Offline,10,82,8.225750416504518
10,Offline,2,53,5.084845646577333
10,Offline,9,95,9.801833873110652
19,Offline,1,83,5.22294046367072
17,Offline,10,97,5.715309763617012
21,Online,6,52,5.070072587630285
14,Online,9,75,7.834292166470473
9,Offline,1,57,9.661334419604861
46,Offline,4,55,8.32973583040232
1,Offline,4,65,9.113287342402137
45,Online,9,73,5.0664060172929
13,Offline,5,97,7.71007649239863
4,Online,5,88,7.297814887527609
1,Offline,6,79,7.494839721103965
49,Offline,1,94,5.3610659266759395
40,Online,1,62,8.422176805346538
32,Online,9,54,7.516102074293173
34,Offline,3,74,8.82574424930632
28,Offline,4,69,7.4264531703085765
31,Offline,1,67,5.74690818113216
8,Online,9,96,8.241284770389111
39,Online,8,67,5.861931810525832
26,Online,2,51,9.361972816774074
34,Online,8,59,8.065581195346208
3,Online,7,94,5.786019417784772
50,Online,6,99,9.811690287406034
12,Offline,1,96,7.5918273166766035
1,Offline,7,61,5.364492259358275
44,Online,10,96,8.134164522075336
5,Offline,7,62,6.265994535064051
30,Offline,9,99,9.018467259386512
30,Online,1,96,9.089110367830953
17,Offline,2,60,9.894736779273309
48,Online,9,68,7.509347655122518
47,Online,9,84,7.274784398638685
23,Offline,6,88,8.767378027232404
15,Online,6,75,5.662353281709633
37,Online,4,95,7.734577568965621
21,Online,4,63,7.731238000654255
14,Online,5,94,5.447365614051936
2,Online,3,93,7.089920427534568
11,Online,1,73,9.26642399283601
39,Online,1,90,9.280768109973302
38,Online,7,50,5.496188324598405
34,Offline,1,100,5.453604413739154
38,Offline,1,92,6.313477385009676
50,Offline,3,71,9.373830312769968
34,Online,10,72,5.644512925367494
18,Online,4,68,8.599984013137231
30,Offline,4,67,5.505828098065516
15,Offline,2,61,8.115689268739127
27,Offline,1,77,6.780336495595725
34,Online,3,77,8.944569814829336
38,Offline,4,82,6.168452244126819
33,Offline,3,68,8.196009146949798
24,Online,8,77,6.178412672879425
15,Offline,10,98,8.568301415560768
30,Online,1,86,9.368390172803743
42,Online,2,75,5.6340089956338
17,Online,7,84,9.332978442977517
5,Offline,4,83,7.967876272071489
29,Offline,8,84,5.635552454335119
4,Online,3,89,7.13770927679856
10,Offline,6,65,5.804301467425489
17,Offline,9,87,8.501739444332848
10,Offline,1,62,8.79434067208975
17,Offline,1,72,5.528982601363995
20,Online,8,71,7.530699263473222
24,Offline,3,65,9.073125280129586
5,Online,5,77,9.680815207754982
34,Online,1,97,7.567589333708851
6,Offline,5,84,9.751396118057034
2,Online,6,94,7.678444852280149
13,Offline,8,95,6.97095247299954
43,Offline,3,57,9.241015642764477
43,Online,3,93,7.4649135522904455
48,Online,10,71,7.359512552822615
11,Online,9,70,7.451562447049142
47,Online,4,75,9.233925009348727
23,Offline,4,89,9.15970770844026
16,Offline,7,70,7.017599962201055
31,Offline,2,74,6.666499299352625
11,Online,8,90,7.459640120195647
16,Online,6,50,7.863862548685545
8,Online,3,55,6.191686053139985
4,Offline,9,72,8.969775423577953
40,Online,5,100,7.432413828662114
4,Offline,8,72,6.670227742099798
25,Online,7,92,5.534104964819953
3,Offline,8,92,6.1942258020180345
32,Offline,7,72,9.74640585877992
3,Online,3,81,6.525498434097633
27,Online,2,79,5.844296446835177
29,Offline,7,62,7.303363958274966
32,Offline,3,92,6.535438716801243
50,Online,3,67,5.175796251355971
19,Online,2,72,6.615726086397086
21,Offline,4,64,7.720543119697343
5,Online,8,82,7.758561860099835
18,Offline,1,70,6.782794605884444
28,Offline,1,88,7.236513781263003
42,Online,5,72,9.827589591173833
22,Online,5,76,6.886742386151559
21,Online,1,94,6.2911340662999145
6,Online,6,93,6.2173352203338
1,Online,1,67,7.28882306352067
5,Offline,5,73,8.79760074358472
41,Offline,9,100,6.029940920942366
12,Online,5,96,8.54648063570384
26,Online,6,89,5.105749116747082
46,Online,8,100,7.094664889919731
34,Offline,1,91,8.879325326013934
49,Online,2,56,6.693664778872157
14,Online,9,99,7.818685507226997
26,Offline,3,97,6.024896164129554
45,Offline,6,69,8.70997695563086
27,Online,5,76,5.261395516343798
9,Online,2,55,9.262713224377503
26,Online,7,76,5.99098193210834
47,Offline,4,58,9.371990158541653
22,Online,1,94,6.762646206502587
47,Online,4,80,8.613417872372434
30,Online,6,70,6.596126488930942
43,Offline,7,75,9.529558356173238
48,Offline,7,89,5.633185627591872
17,Online,7,97,5.892598946362994
26,Online,3,94,7.465150625794012
36,Offline,6,62,5.409692195190731
1,Offline,8,98,5.97990092350881
8,Offline,4,72,9.718831911060072
49,Offline,8,69,9.882448305739436
35,Offline,2,86,6.8812966466521095
15,Offline,10,77,9.616430105069679
47,Offline,9,66,7.724123378367159
22,Offline,9,77,6.348712329368835
14,Offline,8,90,8.511993605402992
26,Online,10,51,8.294509032874286
28,Online,10,74,9.945626595543667
23,Online,1,99,6.325236437046416
14,Offline,2,90,8.360297513308677
24,Online,6,55,5.260118775147235
2,Offline,10,60,5.568230193483597
45,Offline,5,87,5.019591874755466
26,Online,9,55,9.997303405298366
14,Offline,5,94,9.011368485737389
7,Online,2,60,8.933615073667704
3,Online,10,63,7.548630376440899
47,Online,4,51,6.5003354145272
23,Offline,9,89,5.75632142231338
46,Online,1,52,6.4233736942323185
43,Offline,1,84,6.879856109645695
47,Online,7,82,8.78155048490147
45,Online,3,73,7.698308944515762
18,Online,10,68,5.387418132777413
38,Offline,2,67,5.0901450447945615
35,Offline,9,98,5.511660897670316
15,Offline,3,73,7.052493568486897
25,Online,2,94,9.665964585245092
37,Online,8,84,8.187012406046108
28,Offline,10,50,9.009129499377575
10,Offline,6,85,7.331872972522743
39,Offline,6,74,6.808330415975214
17,Offline,10,94,5.542001863583113
39,Offline,7,98,9.379665110931025
22,Offline,7,92,8.915800145139514
26,Online,6,83,5.840590487988625
44,Offline,4,74,7.561302819381303
25,Online,9,65,7.4368740396062245
17,Online,6,83,8.125457763432642
13,Offline,4,78,9.730934469956306
20,Offline,3,68,7.898857208812398
25,Online,4,72,7.701086333893093
4,Offline,3,68,5.25161466467332
10,Offline,2,74,5.31453738009012
3,Online,5,65,5.936733956633945
41,Online,2,100,5.162353858458742
45,Online,6,58,8.716764477850063
18,Offline,3,50,8.616651519969816
47,Online,6,91,5.680281172158215
36,Offline,10,68,9.180394503976405
47,Online,9,82,5.77393017423056
22,Online,1,83,6.505877934986794
34,Online,6,65,6.244884495806825
47,Offline,9,93,6.861535492865238
8,Offline,4,89,6.27331882944981
40,Online,2,67,7.444754632192261
49,Online,4,83,7.037039406773427
44,Online,1,74,9.932847453896633
19,Offline,3,94,5.279631750641128
42,Online,10,55,5.710906881936758
41,Offline,9,70,5.264129469543012
37,Online,10,55,8.12920597491188
6,Online,5,81,5.272546387068598
26,Online,6,90,9.182198686880618
34,Online,3,97,7.559693153409639
45,Online,5,92,7.635038122907669
6,Online,8,88,7.807972538560971
37,Offline,6,80,5.854068531531054
33,Online,4,91,5.988451515572438
22,Offline,2,59,6.594086614365024
21,Online,9,79,7.967482079109257
6,Online,1,67,6.050588879701072
6,Offline,1,73,5.581658635666306
48,Online,4,58,9.85058443209216
4,Offline,7,80,5.109909074048114
30,Offline,1,64,9.013487026680108
11,Online,9,53,8.94017574787511
30,Offline,4,89,6.48607056922548
31,Offline,3,58,5.678133080036567
24,Online,1,94,5.728143233527117
9,Offline,10,58,8.487158086185962
3,Online,4,75,8.214032955430868
31,Online,9,53,8.913728371256934
40,Online,10,66,9.687405861995522
37,Online,6,65,8.45963681633296
36,Offline,6,64,5.779257682757217
24,Online,1,84,6.217213083827053
31,Online,10,54,9.210968654365573
6,Offline,2,54,6.046530379171043
2,Online,6,69,5.362611584772407
20,Online,2,64,8.516400270211253
28,Offline,3,67,7.012631777450711
11,Offline,4,96,9.600200262729519
4,Offline,5,51,8.251275355468309
15,Offline,9,78,5.452094888958304
6,Offline,4,62,9.739282836268304
49,Offline,9,53,6.292786318201229
30,Offline,10,91,6.686062452031429
38,Online,3,94,7.01130206841771
2,Offline,8,59,5.256121482021566
15,Offline,1,80,7.482577111153024
11,Offline,9,90,5.616592455376461
8,Online,9,57,7.004851633441759
26,Online,10,52,6.753548939960421
45,Offline,2,97,8.864200417132517
44,Offline,4,95,9.015852558163655
5,Offline,8,58,5.76706441194544
6,Online,7,79,6.832755936896131
26,Online,1,60,6.866765805159158
4,Offline,5,84,5.757052219680425
19,Online,7,86,8.992267525255953
20,Offline,4,91,8.536141641677116
33,Online,1,62,5.951908931485174
20,Online,9,85,6.833609542968995
49,Offline,5,62,5.529025124282571
12,Offline,2,61,8.14103298546522
47,Offline,8,86,5.606859622743098
1,Offline,2,59,9.929670843124589
26,Online,3,58,8.90341037343931
14,Online,10,56,6.9511927479199755
38,Online,1,51,7.892819661396772
37,Offline,2,72,9.556709081082044
11,Online,7,88,7.7704964019791305
36,Offline,10,89,5.872492431989776
13,Online,2,88,6.893516777905797
43,Offline,6,70,9.215724325148727
3,Offline,3,72,8.22106507994809
33,Online,4,78,8.253621921669001
6,Offline,8,63,9.334107428442445
50,Offline,3,75,9.469865287312523
10,Online,10,100,9.598962858897181
5,Offline,6,54,5.47424596626578
23,Offline,1,80,7.720630009815505
10,Offline,7,74,8.702547606091592
44,Online,8,80,8.784634225635068
2,Online,8,99,8.03358100985002
13,Offline,3,69,5.833936675918371
40,Online,10,93,8.987102769708322
2,Offline,1,66,8.600556667574729
20,Offline,9,94,5.430678857745182
1,Offline,6,51,7.319049123371881
37,Offline,9,74,5.869886997609018
9,Offline,7,62,6.687385228564859
17,Online,1,88,5.0904054610284275
9,Offline,1,77,7.001649342053791
11,Online,6,91,7.749384605781052
15,Online,5,55,8.097912964135434
24,Offline,9,52,8.31745172564355
38,Offline,2,84,9.181456565512299
35,Online,8,67,6.07731453637865
30,Online,5,60,5.60240911219234
31,Online,2,69,9.257685859489628
49,Offline,10,54,5.783064074463249
5,Online,6,68,9.873800406680976
44,Offline,10,71,9.212691146993185
50,Offline,8,68,7.504383029447996
14,Offline,4,96,9.907107124610127
11,Online,2,65,5.486883645540021
9,Offline,5,73,6.515328805875509
34,Offline,2,90,8.191122075203058
12,Offline,2,53,6.750034342365893
35,Offline,6,64,9.641862759903958
35,Offline,10,74,5.328130440889088
1,Online,9,93,7.747059160304823
40,Offline,4,84,7.954331336975573
22,Offline,6,63,8.263640618886122
29,Online,7,98,6.278331116659072
8,Offline,6,68,6.822832137599322
11,Online,8,87,9.218402648324888
41,Offline,4,85,5.9747138448507995
37,Online,1,56,9.134339235866811
14,Online,7,79,7.813277114513712
30,Offline,3,68,8.81093755597041
35,Offline,6,98,8.568036831317357
21,Offline,2,74,6.037557476924395
37,Online,9,65,7.844063682169365
5,Online,1,96,9.338615764025462
19,Online,6,89,7.160581184009647
14,Offline,6,100,9.832953851116583
26,Online,5,57,7.26107550050859
4,Online,5,67,5.713928183339424
25,Offline,1,77,6.947173400388366
45,Online,10,65,9.758512031952685
42,Online,5,68,6.598604246699271
25,Offline,2,91,9.340490799335313
18,Online,7,66,9.406253408409448
40,Offline,3,94,6.750932621659805
8,Offline,4,62,5.416288290253161
39,Offline,3,56,8.622789545794092
40,Offline,3,76,6.55756149506993
14,Offline,4,59,8.914618071287862
32,Online,5,83,7.213274241302166
38,Online,1,85,7.426333711713108
33,Offline,4,74,8.889547033742684
23,Offline,8,55,6.911816655308139
15,Online,10,73,7.215636726614573
33,Offline,7,67,6.880952343848111
25,Offline,9,72,6.8367025763864
17,Offline,5,55,7.6297328845072965
33,Online,10,78,9.043997222505753
47,Online,4,74,6.808841559612829
2,Offline,8,66,7.621273602688683
14,Offline,9,95,8.353636627213003
40,Online,7,73,6.347197231518275
40,Online,7,60,6.387614024511963
39,Offline,5,75,9.667065635117275
6,Offline,4,100,8.617672866655443
6,Online,10,83,7.885933381116544
3,Online,1,77,8.23860027210306
7,Online,10,52,5.146497215517092
8,Offline,10,60,8.090514827808484
42,Online,7,87,7.547544366121009
15,Offline,1,63,7.728748398897178
47,Online,1,100,6.7971191341540855
29,Online,5,75,5.40736948856471
33,Online,9,97,5.966696168060261
30,Online,6,70,9.753723566063359
39,Offline,3,88,7.04349781135467
27,Offline,3,79,7.333415779154321
36,Online,7,57,5.263548949267195
29,Offline,6,100,5.187831147719903
38,Online,9,69,8.585907235233789
33,Online,6,97,7.690473320605556
37,Online,5,81,7.543529921081333
27,Online,10,71,6.2156226521133435
33,Offline,7,56,8.723753658149612
4,Online,1,58,5.84118289554246
22,Online,7,94,5.9496737183051005
2,Offline,3,50,7.3035608567413774
10,Online,9,78,6.431399310559705
5,Online,6,57,6.237314906165732
10,Online,9,53,8.226188222766659
33,Offline,5,84,8.254858726092722
38,Online,7,52,9.122585348999646
13,Offline,4,94,7.08854283486488
31,Online,7,89,5.365425455130751
47,Online,1,56,6.368331924607288
36,Offline,7,76,9.900027315984085
45,Online,8,50,7.9812928761635105
24,Online,5,76,8.5486854240051
15,Offline,2,65,5.036789148127073
29,Offline,5,87,7.591028660912604
8,Offline,6,56,5.187643287659015
5,Offline,2,93,7.84615106045724
29,Offline,6,72,9.603854248180376
47,Online,6,90,9.842095652502039
4,Offline,1,60,7.70276337694462
12,Online,1,91,7.29102402626108
45,Online,10,82,9.725085471242469
2,Online,3,99,8.368049159983475
27,Offline,10,85,5.324496397692047
31,Offline,10,86,7.328627888337488
36,Online,3,90,6.201225092321519
36,Offline,4,66,7.349021607243408
26,Offline,2,84,7.277327860031809
43,Offline,9,97,7.91072401407371
27,Offline,10,54,6.783852451746256
5,Online,7,97,5.82135224727964
20,Online,7,81,7.518597172949781
11,Offline,6,52,9.15101442172881
10,Online,3,96,8.320061140338012
40,Offline,6,84,6.691839329626079
38,Offline,8,63,9.677615113794285
6,Online,8,97,9.56103785624591
8,Online,9,80,6.046741996920494
23,Online,1,80,5.1970879256018145
47,Offline,1,66,8.706543541753812
26,Online,3,73,9.138051306745766
46,Offline,3,72,9.839322829756776
43,Online,10,67,9.449181970441554
12,Online,8,99,8.002673841032074
26,Offline,10,63,7.650261696061904
13,Offline,1,99,5.139205256312931
40,Offline,2,64,6.233282234223889
18,Offline,2,64,7.298073758664632
25,Offline,3,55,8.142519500417839
33,Offline,6,76,7.786259166592053
47,Offline,1,64,8.713179948408452
40,Offline,2,99,6.398834654435204
43,Online,1,85,7.8247630382623665
12,Offline,5,57,5.440711216953961
44,Offline,7,64,7.068327617916035
36,Online,8,52,8.750804164773005
48,Offline,10,96,8.46700426714522
4,Online,1,62,9.953213685860895
5,Online,7,90,6.38945562993878
37,Offline,5,83,7.4909464958698955
8,Online,10,73,6.647652068869983
42,Offline,1,89,7.203015570295873
49,Online,3,81,9.28475064934694
28,Online,7,81,8.421045375942434
31,Online,10,79,9.412205956737909
9,Offline,1,98,6.017555541659432
29,Offline,7,62,9.366805589207189
14,Online,5,50,5.298811370891922
40,Online,1,83,9.442996402185763
41,Offline,1,64,6.64536889730364
22,Offline,1,93,6.572938167070332
11,Online,9,63,7.5604428834933195
23,Online,3,78,9.70345093861616
1,Offline,5,83,5.238906823407027
46,Offline,10,67,6.761154875353727
37,Offline,9,56,9.282859943416678
21,Offline,6,78,6.980272387177333
26,Offline,9,80,5.995784487985335
46,Online,8,74,7.123970906657059
36,Offline,8,87,6.927762507458347
23,Online,1,63,9.577081007333518
1,Offline,9,57,8.809671878715486
40,Online,6,76,7.525577778720032
15,Offline,9,51,9.941852833607856
21,Offline,3,66,7.326387656379616
47,Online,3,86,5.291189154101376
9,Online,6,63,6.311371609074925
9,Offline,9,74,7.180352401096563
10,Offline,7,79,5.7845131207306
26,Offline,3,78,9.737825631620215
41,Offline,3,69,8.834244489088865
35,Offline,2,70,6.341436002138863
25,Online,9,71,7.954022667589579
26,Online,3,84,8.60724578554786
11,Offline,5,86,9.70639464453399
38,Online,9,65,9.408176745877054
2,Online,8,99,7.575961130691068
7,Online,2,98,8.873263098965088
18,Offline,3,92,7.810723769137925
27,Online,2,66,7.763519450227701
34,Offline,8,65,5.573709791690959
27,Online,6,51,5.63068829008076
17,Offline,6,53,7.647668075112287
43,Online,9,70,6.3443077248950335
44,Offline,8,88,5.105184512302343
24,Offline,4,83,8.614196019501062
25,Online,4,79,5.162432983450825
7,Offline,9,55,7.976384205520272
6,Offline,1,66,7.695968970636572
24,Offline,2,88,9.844073452889022
33,Offline,2,74,7.421065696738208
49,Offline,6,54,5.318007181888987
29,Offline,4,54,7.758439839032309
43,Offline,10,69,9.205480853080507
22,Offline,3,65,9.9842464214072
26,Online,3,100,7.151715868445363
28,Online,3,90,6.6014937124837125
50,Offline,6,86,9.533266484759995
21,Offline,8,89,5.956210645380607
49,Online,7,58,8.077144575164633
7,Online,4,54,7.028572120904739
17,Online,4,91,5.2054118247777765
20,Offline,10,51,6.736442371528488
41,Online,2,58,6.326142612513372
49,Offline,1,92,8.430455769717433
20,Offline,9,85,9.743952488459591
22,Online,2,71,6.340235936893189
28,Offline,8,71,9.057329695758408
40,Offline,9,71,5.276799084692048
49,Offline,4,83,7.690605050199066
7,Offline,8,78,5.352750318549473
1,Online,9,87,9.670164955653195
32,Online,10,95,8.83175640278695
13,Offline,10,82,8.289749556022961
30,Offline,5,67,9.119481908123321
23,Online,7,56,8.237598977850816
19,Offline,10,50,9.844721985871455
32,Online,4,82,8.569789739323857
30,Offline,1,50,9.623293047911233
29,Offline,3,73,7.58565946005319
49,Online,5,53,5.585322064909313
45,Online,3,53,7.640888607115086
29,Online,7,67,5.6343641403154665
30,Online,9,76,7.962467395882025
16,Offline,6,92,7.4124653026383145
40,Online,10,81,8.112876989163908
19,Offline,1,82,5.0502349052741575
18,Online,7,77,5.974202458276821
1,Online,3,91,7.4566521595606545
14,Offline,5,90,9.752517807945674
47,Online,10,85,6.918045201775792
50,Online,4,55,7.121860130268173
2,Online,10,65,8.57348044503311
28,Online,5,83,8.01896378643059
49,Offline,5,72,6.494630750491666
50,Offline,6,99,7.054081977837139
30,Online,10,91,6.088498994286162
38,Online,10,73,9.830107295651043
4,Online,6,98,5.653171907786799
1,Offline,8,62,6.859183922832097
8,Offline,8,67,5.129194861100056
29,Offline,9,62,6.108897459667732
39,Offline,8,98,8.902355691900775
3,Online,2,86,6.005876161444397
32,Online,10,92,5.400317012644828
10,Online,1,88,7.372265899222617
10,Offline,10,91,5.049846173672592
19,Online,2,66,5.423830772131666
46,Offline,2,64,9.038129347814875
34,Offline,3,67,8.857366724298032
33,Online,10,72,9.57569410202448
23,Online,7,100,9.272577179553748
28,Online,2,79,8.41587781619909
32,Offline,1,83,5.261664286503314
50,Offline,6,53,8.914243089933287
7,Online,9,52,9.227554054202802
29,Online,3,56,8.995410728859772
8,Offline,6,67,7.542395176540131
1,Online,3,91,6.164509193247408
3,Offline,1,56,9.226649878443634
24,Offline,5,89,8.635814048700691
23,Online,10,55,9.903805871944257
8,Online,4,71,5.778462988779665
47,Online,7,50,6.128322915260275
37,Online,6,53,6.0589907494075135
3,Offline,10,95,8.962698838106684
33,Offline,7,98,5.934536482250591
28,Offline,5,99,5.333299149116531
47,Online,4,92,9.992804032928143
8,Offline,7,78,5.124086057225746
34,Online,7,70,9.176220300794327
35,Online,6,75,6.826834207753264
32,Online,8,63,9.208077298789076
24,Online,4,58,7.7731024560557245
14,Online,10,96,9.508156147431801
32,Online,5,61,9.630964932073134
46,Offline,4,91,5.04549090640388
43,Online,1,100,5.377060879963941
16,Offline,8,100,6.251793647854278
4,Offline,1,55,8.346577081817507
37,Online,5,69,9.44136098255753
21,Online,6,73,7.299709756469814
14,Online,6,76,8.034865581371328
31,Offline,5,87,5.942499263977806
48,Online,3,57,9.024834169408427
18,Offline,5,50,9.83664055676735
7,Online,8,98,6.342994664572988
10,Online,2,98,7.474129758002732
7,Offline,6,73,5.430580552531869
33,Offline,9,96,7.795683282314842
23,Online,8,56,7.513917209233403
21,Offline,8,68,5.722182420775388
19,Offline,8,71,7.210331065590375
48,Offline,7,84,6.670523260432816
19,Offline,8,79,7.609154376525947
36,Offline,6,78,7.9282716771439965
29,Online,2,71,5.042477893036048
18,Online,2,60,8.805029914747777
2,Offline,8,69,8.565071459308705
1,Online,1,78,6.831431931032611
47,Online,6,100,5.264679677844091
5,Offline,6,90,8.774662698925251
20,Online,4,91,9.775875802390662
11,Offline,10,83,6.200757980110071
42,Offline,3,50,6.617623068685189
2,Online,3,80,5.919064447409075
3,Offline,1,79,7.884680616724198
23,Offline,3,97,5.774206973237275
12,Offline,4,67,6.780969717306897
20,Offline,5,66,8.485065069671315
5,Offline,3,87,7.800579915046741
37,Online,6,63,6.932312821639677
38,Online,5,72,7.101248009037709
30,Offline,3,74,7.810554413116147
9,Offline,6,64,5.029323639435806
34,Online,6,95,5.392549342268049
44,Offline,8,71,9.406290338815058
35,Online,2,52,5.389394945456454
22,Offline,1,68,8.534017981052525
44,Offline,4,93,9.600190820545263
24,Offline,7,83,6.353418021508656
17,Offline,10,84,6.852457185297571
10,Offline,3,99,7.844607029223582
30,Offline,3,50,9.408544848192923
46,Offline,5,70,9.709527936302102
23,Online,5,78,8.69781624055634
32,Online,10,55,5.43309880427347
17,Online,3,86,8.345770777674254
50,Offline,9,50,7.05151860936331
17,Offline,4,100,7.353504997455308
14,Offline,3,50,5.245741951725885
9,Offline,2,76,5.955310696731791
40,Offline,10,70,8.95256803766824
2,Offline,9,65,7.269794165239299
45,Offline,4,93,6.508311208155744
25,Online,3,89,6.920095369824791
39,Offline,7,75,9.2719975666284
9,Online,8,65,8.744995087024785
22,Online,2,77,6.361576985905414
43,Offline,7,50,5.5875092010618665
46,Offline,5,85,6.259991108220358
4,Online,5,59,9.603782255273668
26,Online,3,92,7.907944189248777
29,Offline,5,66,7.667401043723914
45,Offline,2,72,7.9819679984623075
34,Online,4,56,6.8301413287325765
23,Offline,6,93,9.035535101597564
37,Offline,1,56,7.616431246501249
11,Offline,10,93,5.583739513843978
6,Online,4,64,5.645325624145315
18,Online,6,83,7.684295732513092
21,Online,9,95,9.682851090354195
42,Offline,2,94,6.541760608380994
36,Offline,7,53,9.34770584429609
41,Online,6,63,8.820477932894397
38,Online,2,63,6.239062214534535
34,Online,8,65,5.181703741581212
17,Offline,7,56,5.509236325711914
37,Online,5,81,8.642469669237201
25,Online,5,68,5.998348690203233
38,Offline,7,51,6.856354602526968
12,Offline,9,59,7.508495830032125
23,Offline,9,99,8.627340842250813
42,Online,9,66,5.566156116295627
22,Offline,6,86,7.031832026387308
21,Offline,10,61,7.425364545713477
27,Online,6,55,7.7041353198576985
31,Offline,3,71,9.091803206976083
6,Online,1,81,5.858390975216085
27,Online,7,90,9.039157259133113
40,Offline,4,69,8.46439213848326
34,Offline,1,50,7.779354070994797
12,Offline,8,96,8.49763935201286
45,Offline,6,55,7.0600886947582815
7,Offline,6,68,5.691987929840623
10,Offline,2,67,8.328826201326837
45,Online,1,55,7.6233615334281115
17,Online,2,94,8.196874002713876
26,Offline,4,82,6.68999390514245
21,Online,2,72,9.534332886699179
28,Offline,1,72,7.936849342877885
46,Online,7,75,5.42701242145437
2,Online,8,62,7.249019953522144
43,Online,6,56,8.781780273718171
1,Offline,4,64,8.970672808661362
36,Online,6,93,7.472985263818794
26,Offline,3,76,9.473737854156505
29,Online,8,75,6.338342185971488
21,Online,10,82,7.052993486191333
11,Online,2,64,9.49298455284485
40,Online,5,85,9.481283582357895
11,Online,1,94,8.428563844123405
36,Offline,6,76,9.2949027356111
49,Offline,2,54,5.4438663347811636
39,Online,4,51,9.324974881038882
40,Online,6,82,6.603099532751134
35,Online,10,65,5.891657562141082
34,Online,8,72,6.196849181710231
47,Offline,8,87,7.089842540069435
24,Online,6,65,6.255960023022336
22,Offline,4,63,6.6028379300824955
5,Online,8,78,5.67489243035821
33,Offline,8,75,6.480883827794992
36,Online,10,84,7.861419072710006
47,Online,1,64,7.209268540455319
20,Offline,4,52,6.733593806179556
19,Online,4,72,8.73226064428557
35,Online,7,78,9.467549856966588
43,Online,7,83,8.783946114511984
17,Offline,8,82,6.660003510588396
45,Online,5,90,8.722210839187769
43,Online,7,90,5.759900912370256
34,Offline,8,72,5.6515899404564545
9,Offline,9,56,6.728135185180795
26,Offline,3,52,9.038511845220285
2,Online,3,81,6.231741236211509
9,Online,4,80,5.316267044493398
9,Online,5,67,5.658547676031775
40,Offline,10,92,9.2937248426479
17,Online,1,56,8.168916423736437
1,Online,7,90,6.266005816849884
25,Offline,9,50,7.776479126640907
43,Offline,8,63,7.637898112126752
40,Offline,5,81,8.277179892203307
42,Offline,4,55,6.165937772108082
25,Offline,7,88,9.322014935971989
39,Online,5,59,6.546842810400064
35,Offline,7,56,8.470658269881184
3,Online,1,75,5.0806232318610745
50,Online,1,83,6.863285649470736
37,Offline,10,79,6.758549089794041
44,Offline,3,85,7.717422142915073
44,Offline,2,70,5.363681308885982
30,Online,2,66,8.950656868630542
38,Offline,7,82,6.088904008837843
34,Offline,10,59,8.38518907441005
12,Offline,2,100,9.016060616220466
19,Offline,4,96,7.809384781207566
37,Offline,2,91,8.704416033609927
44,Online,6,100,8.309301561075028
49,Online,8,61,6.777648985760038
17,Online,10,65,9.044292695167826
10,Offline,4,90,6.47350684942764
49,Offline,5,81,7.856064588757586
47,Offline,4,64,8.726988695707698
12,Online,3,76,6.894779549062537
16,Offline,5,77,6.513838038087125
24,Offline,9,66,7.296730050864113
19,Offline,8,95,9.089817471745768
8,Online,8,99,9.649608815728325
31,Offline,8,51,7.725417064299451
21,Online,8,85,8.30733102661826
17,Offline,7,99,9.51636811119457
23,Online,8,56,5.492734257064712
37,Online,8,62,6.160392889330826
16,Online,8,64,8.544500031257911
6,Offline,10,74,9.118722309561498
8,Offline,7,72,9.28514514165289
25,Online,1,71,7.075535884274663
18,Online,4,75,5.446699511459334
25,Offline,4,82,7.1889073864981
12,Offline,5,60,6.153672951035269
15,Online,10,59,6.455982274983121
26,Offline,6,74,8.86133778418753
41,Offline,4,86,5.377635430129434
45,Offline,2,97,9.137906087403511
26,Offline,6,92,7.138345429120845
47,Online,8,87,7.980319655502975
32,Offline,8,90,5.448261156178395
10,Offline,7,94,6.686795391786398
16,Online,6,73,5.448504595074229
7,Online,2,89,9.807718614405548
17,Offline,7,95,9.036308246631252
23,Offline,5,82,7.298163771782301
26,Offline,6,66,6.118012741618355
21,Offline,10,73,9.667275526249261
22,Online,8,86,6.7229829786348585
7,Online,8,51,5.804922158436874
14,Online,3,81,7.815821942269775
15,Offline,7,73,9.718870601724081
7,Offline,1,58,5.019151452501613
9,Offline,1,53,6.190624216269994
48,Offline,7,66,9.692238202052039
8,Online,10,66,5.85542983428581
50,Online,9,99,5.566217258199099
23,Offline,7,97,7.850936078999022
29,Online,10,79,9.30921911647415
18,Offline,5,89,7.385549088469631
31,Offline,8,60,9.972821283422624
30,Online,2,70,8.395858497689964
39,Offline,9,70,5.370374536052239
35,Offline,6,67,9.964160658409877
18,Online,9,78,7.039471183900952
42,Offline,2,73,6.437012669227412
39,Offline,3,59,7.789395917889427
17,Online,8,94,6.521537959104322
14,Offline,1,66,5.432287535600762
31,Online,10,67,5.007141715395884
24,Offline,7,91,7.247916764601312
35,Online,7,97,9.184317111132962
44,Online,1,69,7.8615759281503825
45,Online,9,86,9.996036494717204
34,Offline,8,94,6.434233228236
3,Online,4,67,6.402275323800277
37,Online,10,66,5.798747301169721
43,Online,5,58,5.820317941326676
40,Online,2,63,6.42593298005024
26,Online,9,98,8.964200226367636
23,Offline,6,78,9.52878395318224
44,Offline,3,80,9.875435848538405
39,Offline,7,53,6.161448270482263
15,Offline,9,67,9.40648772807046
49,Offline,3,69,6.641275446386685
4,Offline,2,96,5.564202722584422
29,Offline,7,92,9.350124627600827
22,Online,7,93,8.180528173218093
25,Offline,4,58,5.823654480405309
13,Online,9,62,7.149156287565013
18,Online,8,64,6.436288474385338
33,Offline,1,76,8.683972843550984
16,Online,1,64,7.267081153121341
45,Online,5,77,9.946399725531926
42,Online,6,86,5.273724911297975
44,Online,3,68,6.775076330681234
2,Offline,9,75,7.409500835549887
35,Offline,10,75,7.515667773741599
42,Offline,6,74,6.579679111928184
34,Offline,4,75,8.646201245487841
30,Offline,7,75,9.373735367444873
13,Offline,8,95,9.693596509889314
13,Offline,9,77,9.02546688399763
18,Offline,6,98,9.252900986532996
32,Offline,6,67,7.752726503099978
32,Offline,8,81,9.129441132134072
35,Online,5,52,6.517519545739761
39,Offline,3,51,6.992393810546072
46,Online,3,82,6.584565069092721
29,Online,6,91,7.336936677239628
49,Online,2,68,6.427898081193182
29,Online,6,66,9.808057211272235
44,Offline,6,93,6.564223140028341
16,Online,8,82,5.490222690554699
44,Offline,7,61,7.634085830252067
47,Offline,8,98,5.285495392225882
10,Online,9,52,5.552715831542903
30,Offline,6,92,6.096946945981232
25,Online,3,98,7.321751249410708
39,Online,10,75,7.166254661545139
20,Offline,3,84,8.998459310013956
5,Offline,1,57,8.697373269420567
1,Online,5,85,7.131591469953507
30,Offline,4,56,6.66852103787815
49,Offline,9,95,6.582343920307493
3,Offline,9,95,8.869975436470046
45,Online,5,85,5.260362031106348
14,Online,10,65,5.064108247553029
30,Offline,4,73,8.97772195963324
50,Offline,7,50,7.385731879945246
4,Offline,6,98,5.65440569276788
18,Offline,4,74,6.177829672972506
37,Offline,10,59,9.662519765486913
25,Online,2,65,9.29751487812449
48,Offline,1,65,8.548925251119863
1,Online,4,57,7.4111261516866325
46,Offline,4,78,7.601618130956929
15,Online,1,88,9.876222676419793
9,Offline,6,77,9.828852219421435
15,Online,4,55,6.0763452289291715
49,Offline,1,65,9.055522831526591
24,Online,1,69,5.986213330835084
4,Online,1,65,6.067687389419757
12,Online,8,56,8.380465170822884
37,Online,10,90,7.025005492937742
37,Online,8,63,9.6577220355326
43,Online,2,92,5.445048674480044
6,Offline,7,75,7.557628204047465
39,Online,8,75,9.592607652215605
46,Offline,8,63,9.520568302397525
24,Offline,10,56,5.782646067078706
11,Offline,7,82,6.833188500482282
13,Offline,5,75,8.095607000233482
34,Offline,1,94,5.7969744238570104
25,Online,9,69,9.840110860228695
7,Online,7,52,9.573746643638302
4,Online,2,53,5.834750895172346
8,Offline,6,75,5.605777306304927
20,Online,2,60,5.427042414041327
29,Online,1,51,9.547218320183156
45,Online,7,63,5.968119048977304
46,Online,2,93,7.081424642721774
10,Online,2,79,7.244256828260015
43,Offline,5,98,7.995055221067838
34,Online,5,61,5.358676718737125
26,Offline,7,75,6.13379308700258
41,Offline,1,93,9.65745193459463
49,Offline,8,82,9.542050536342847
3,Offline,3,62,8.906453237028462
6,Offline,4,63,5.097006228091077
5,Online,9,73,6.63503384248051
5,Online,4,83,8.13979367671454
47,Online,10,93,6.375951058867378
23,Offline,5,75,9.547933475268888
49,Online,7,70,8.169447309162209
9,Online,4,77,5.359533586582228
35,Offline,1,97,9.545027944178514
20,Offline,9,85,9.788833290881112
49,Offline,4,89,5.388562091958628
42,Offline,9,51,7.661801174306575
35,Online,6,91,6.516821411070852
50,Offline,1,58,6.964195382407012
18,Offline,3,72,5.89825608977671
17,Online,2,64,7.890360510062063
24,Online,9,62,9.789896766244453
3,Offline,1,72,7.515363001358045
32,Online,9,66,5.414572906972406
35,Offline,9,97,8.100006667387042
38,Offline,8,51,6.701114972256285
13,Online,8,69,9.27962594795649
47,Online,1,69,7.173390741582351
25,Offline,8,95,5.964198044711228
9,Offline,10,52,5.955528113455725
4,Offline,3,61,8.843820903605803
14,Online,7,89,6.3279379915368
37,Offline,1,51,8.836166970796114
34,Offline,1,85,6.029436553832997
11,Offline,10,63,6.608431843506547
41,Offline,5,65,7.327434862198497
3,Offline,5,68,9.715979248467253
28,Online,8,83,9.658657123769123
29,Offline,7,93,6.034359377111439
9,Offline,8,95,6.791095206215364
3,Offline,6,55,5.746996942268861
25,Offline,6,62,7.5499253965674855
34,Online,2,85,7.302912753473333
12,Online,6,71,9.503800812253662
42,Online,5,67,9.650026888955363
9,Offline,3,61,6.91783695503646
15,Offline,6,79,7.458689715094947
40,Online,8,100,9.481181245730665
25,Online,9,89,9.033539038725309
5,Online,1,56,5.018281556723246
11,Offline,3,81,6.600297820917913
34,Offline,3,97,7.108871209680629
24,Online,8,68,6.148581418416159
15,Online,1,55,5.997858079479694
38,Online,5,69,5.188922532978398
8,Offline,3,76,8.216848625348803
5,Offline,2,92,6.312551452415828
48,Offline,8,86,5.261735892156565
26,Online,3,97,6.154896552640318
18,Online,7,56,9.009569764180632
6,Offline,1,54,9.257445908232732
37,Online,6,60,7.415331225966513
48,Offline,3,64,7.080353352043431
13,Online,8,52,9.88926846750891
28,Online,6,54,6.002823297940349
5,Online,2,72,6.076796414273042
13,Online,6,86,6.459335885181998
17,Offline,7,58,5.863786591405437
50,Online,5,64,6.896827991020933
40,Offline,3,52,9.554171134948769
45,Offline,4,78,8.076739203142871
32,Offline,4,55,7.059732743061318
29,Online,6,66,9.672053972856073
3,Offline,10,75,5.2423211623791115
40,Offline,1,70,6.051380889509307
34,Offline,4,57,7.829443025508795
40,Online,10,70,8.077763115965896
27,Online,4,60,5.197787532813066
13,Offline,10,87,7.015193789535661
45,Online,1,57,8.245769824154364
33,Offline,9,91,8.490352732017008
6,Offline,4,73,8.190699512581347
24,Online,7,84,6.602816121804622
19,Offline,3,63,5.4676006179895476
16,Online,10,63,7.135562232096671
40,Online,3,59,5.643772186840278
28,Offline,8,61,9.738118292603335
33,Online,8,87,7.375854330113141
48,Online,1,93,6.586295871784338
41,Offline,10,95,8.8315203555945
13,Offline,2,83,7.489742962911319
43,Online,8,90,6.55017012006225
45,Online,1,59,9.059838711954008
25,Offline,8,66,9.335760755005609
42,Online,8,66,8.365040831443384
36,Online,2,52,5.234822112038336
27,Online,4,80,7.8316144008326605
38,Online,6,100,8.816474559986407
7,Online,9,50,5.682515060417911
5,Online,8,61,6.143353756923017
43,Online,8,88,9.412475525340682
45,Offline,7,53,5.10060860926537
31,Offline,9,91,8.763635689129881
23,Offline,2,62,7.3688664625721145
42,Offline,3,83,7.233860794198034
10,Offline,10,91,5.035482662474436
32,Online,8,70,9.096991154832464
43,Online,6,71,6.799124503182832
30,Online,10,53,7.7038281565027145
39,Online,9,67,8.386503431678296
31,Offline,10,54,8.513147882189578
18,Online,4,68,9.77990029413036
36,Online,8,51,7.656699766183046
2,Offline,10,61,6.998597754872138
14,Online,3,66,9.768518132458539
13,Online,3,59,8.210551175127605
29,Offline,8,83,6.490751781382778
12,Online,5,55,5.632321227017856
39,Online,3,57,9.212772507325907
2,Online,10,100,6.810908013970758
32,Online,1,60,8.302348606822155
13,Online,3,61,7.35408209682949
46,Offline,9,58,5.994648898975192
27,Offline,5,51,8.008433043102325
49,Offline,10,57,5.303415344753412
41,Offline,2,60,7.066712299355961
17,Offline,7,85,7.733074698318355
40,Offline,2,59,7.180234870592895
31,Online,4,70,8.743360876254954
34,Offline,7,69,9.139624772726563
24,Offline,4,97,8.85621537016589
45,Online,7,57,5.1940647390590104
35,Online,7,85,5.970643852229861
48,Offline,1,78,7.683037546318872
6,Online,6,91,9.674110202219007
19,Offline,9,61,9.174783875260584
30,Online,2,63,9.212672541759009
7,Offline,3,97,6.516040968798374
10,Online,10,99,7.147239485393513
41,Online,5,70,7.353529736579687
32,Offline,9,71,5.786857916749552
34,Offline,4,70,5.155340651222281
28,Offline,1,93,9.734514497302584
15,Offline,4,99,6.203562928317534
30,Offline,6,79,6.199744518618156
37,Online,5,88,5.416895268843797
29,Offline,1,69,9.642538759718892
22,Offline,4,73,7.89868557469886
4,Online,6,72,8.33518428562677
20,Online,10,56,9.557884436315263
32,Offline,10,58,6.728100844503947
36,Online,4,50,8.10753655569042
50,Online,9,75,5.193997273644437
4,Offline,5,87,5.933862641155646
27,Online,8,87,9.156229025449711
17,Online,9,93,8.833841781691678
12,Offline,10,71,6.753213457285734
22,Offline,5,93,6.884053138871062
17,Online,6,59,7.667772167767897
10,Online,1,55,5.001205023425673
1,Offline,7,66,6.206221680190139
22,Online,4,100,6.041159043041072
26,Online,2,99,6.252414733748817
18,Online,5,87,9.029529212667207
50,Offline,3,73,6.398369282732216
14,Online,6,100,5.957606610250741
47,Online,8,59,7.521317303965158
29,Offline,7,57,9.32822518186366
12,Online,3,70,6.206748519187499
36,Online,8,55,5.392681213963994
35,Offline,2,70,6.782023679248324
12,Offline,10,88,8.73825912282489
7,Offline,9,73,7.753452723473973
29,Offline,4,82,9.083966847871737
11,Online,1,67,9.79796073804617
33,Online,8,77,8.963312383758085
6,Offline,7,81,8.019015394218767
47,Offline,5,61,7.4667079402619025
15,Online,10,97,5.200345431741333
32,Offline,5,91,9.921609894070206
11,Online,7,76,6.917405612875212
23,Offline,5,59,5.761141069584334
26,Online,8,95,8.333544276982284
34,Offline,6,91,6.421441445477297
46,Offline,5,81,7.928891354655239
34,Online,9,91,7.933839539222956
29,Offline,2,75,7.228649104514346
4,Online,1,74,9.180593077725213
17,Online,8,60,6.3248353077772155
35,Online,3,72,7.243162958088671
13,Online,7,83,7.688460642954857
41,Online,10,89,8.318123603836497
39,Offline,8,72,8.919859252527948
15,Offline,6,78,6.97403641439128
29,Online,10,80,8.23023472048298
29,Offline,9,56,5.753054765342595
11,Online,7,89,9.663240502712393
32,Offline,10,82,6.915294032105018
2,Offline,5,70,8.647607109882191
47,Offline,8,51,5.101705409410888
14,Offline,2,67,6.025935714524035
20,Online,7,96,7.43541272161789
22,Online,4,82,9.391262338661733
11,Offline,9,86,7.636275749753386
27,Offline,1,83,9.649352411469394
3,Online,7,69,7.418984482913982
17,Offline,6,84,7.45224548367975
44,Online,8,100,5.598733942502659
28,Online,5,99,9.0132812207611
29,Online,1,67,6.234827062335313
21,Offline,1,95,9.498062446861574
47,Online,9,73,9.55412110165198
16,Offline,10,57,9.716550559370749
37,Online,6,79,7.60115244551545
20,Offline,10,93,8.385468923918221
6,Offline,5,59,8.892579400308318
19,Offline,1,72,5.655073093252328
5,Online,6,98,8.004785974987486
3,Online,6,60,5.171489506516559
1,Offline,3,51,7.48783041694363
38,Offline,8,75,5.774213408101137
15,Offline,1,85,5.914614629810424
34,Online,1,82,6.8252378334630075
35,Online,6,96,7.162185833582515
49,Online,10,62,8.115862122660936
25,Online,1,89,5.372142092192578
24,Offline,6,74,7.518458806187223
12,Offline,1,53,5.9131256512655055
18,Online,6,91,7.8698758751587095
15,Online,3,68,8.187023061305919
44,Offline,8,67,7.783546282764269
16,Online,6,86,8.691477552391538
27,Online,1,79,6.678046221204506
8,Online,5,68,8.825532958165654
46,Online,8,72,7.163835408540969
25,Online,3,65,7.420922491612984
17,Online,6,50,8.240510636305357
29,Offline,5,61,5.09179191999612
8,Online,6,73,8.269971107101242
15,Online,10,83,8.092925745360578
27,Offline,1,57,6.5492355837664
46,Offline,7,67,5.428971424497448
50,Offline,9,97,5.454677249565206
7,Online,2,54,9.616118734926143
3,Offline,10,75,8.446396606129186
29,Online,5,79,5.635513068853702
44,Online,10,62,6.7836158465445315
24,Online,4,68,7.962414969507982
3,Offline,6,78,9.177858525453242
20,Offline,6,52,5.218304643565043
46,Offline,2,75,6.183165657350044
15,Offline,2,89,9.4487449514769
25,Offline,4,61,5.0458277509190825
30,Online,1,51,6.0069955139694375
14,Online,9,60,9.795120879864829
7,Online,7,93,8.067009232610856
17,Online,7,77,6.308356833187532
44,Offline,3,67,5.334955471979238
20,Offline,3,62,5.140956702236111
36,Online,1,86,6.223725398184636
9,Offline,3,71,9.407429097944553
38,Offline,3,61,7.079568271487547
48,Online,4,51,8.601666845829964
22,Online,4,86,9.59142517689979
2,Offline,3,56,7.0402023080140825
24,Offline,10,75,5.956386855186985
8,Online,8,75,7.585589654284597
11,Online,8,73,9.540418435299273
13,Online,1,61,9.021872070688502
17,Offline,7,65,5.329149216815769
8,Online,2,72,8.46286400038791
21,Online,1,89,7.859487612294769
18,Offline,3,58,9.537315881732127
30,Offline,4,81,5.612407084251486
18,Offline,6,64,7.670180566023284
46,Offline,10,86,9.397313467559462
47,Offline,5,62,7.050118933708715
31,Online,4,54,7.409974588664335
38,Online,8,60,5.352303388334791
32,Offline,4,59,6.390718202244554
11,Offline,10,62,6.622533245844737
45,Offline,2,90,9.725612243724434
25,Offline,3,95,6.413336802705795
33,Offline,6,99,7.30434367634826
38,Online,8,64,8.356522117821399
41,Online,8,91,5.810916862039387
8,Online,9,56,7.432211935709372
11,Online,7,89,8.692695197379539
22,Offline,2,77,9.334276065135331
24,Online,8,81,8.131296373312134
41,Offline,7,84,8.345267576584739
17,Offline,8,64,5.631417362922845
12,Offline,3,97,9.728882486231736
46,Online,7,85,5.662870387422412
32,Offline,10,70,8.873364685908992
15,Online,9,55,6.3240816088915945
16,Online,3,50,9.667965718506258
22,Offline,10,53,8.599797696847398
28,Offline,6,60,8.769068564891844
20,Offline,2,93,6.095295865299416
33,Online,2,75,7.215199883175805
10,Offline,5,86,8.089065972946432
40,Online,5,72,8.849868091033004
32,Offline,7,78,5.519796879561948
50,Offline,2,70,9.81182658227264
33,Online,7,97,9.45110335277278
2,Online,5,94,6.351742952477922
33,Online,6,94,9.11380121516166
33,Online,8,98,7.591619615199117
41,Online,10,76,7.3090324078100934
13,Online,4,88,6.572170529057027
30,Offline,7,89,7.904842933157962
33,Offline,6,62,8.649445588517988
13,Online,10,72,7.054664524813791
26,Offline,2,65,8.14609596504146
22,Online,8,79,8.49656460577652
39,Offline,10,53,8.55560908507643
2,Offline,9,89,5.259830490655901
38,Online,5,65,9.298739028425334
39,Online,10,80,7.29126657382524
26,Online,4,91,6.312080408481072
46,Offline,6,74,6.208822537398408
50,Online,8,93,7.415070564219752
15,Offline,3,61,9.434157697344796
34,Online,10,75,6.891737908413234
42,Offline,1,86,8.748628733917716
44,Offline,4,97,5.484093654936093
49,Online,4,82,7.380283510755309
40,Offline,1,77,9.958430701963678
11,Offline,9,58,8.852189013961684
